title,year,duration,rate,rating,rating_count,image_url
1. The Shawshank Redemption,1994,2h 22m,R,9.3,3M,"https://m.media-amazon.com/images/M/MV5BMDAyY2FhYjctNDc5OS00MDNlLThiMGUtY2UxYWVkNGY2ZjljXkEyXkFqcGc@._V1_QL75_UX140_CR0,1,140,207_.jpg"
2. The Godfather,1972,2h 55m,R,9.2,2.1M,"https://m.media-amazon.com/images/M/MV5BYTJkNGQyZDgtZDQ0NC00MDM0LWEzZWQtYzUzZDEwMDljZWNjXkEyXkFqcGc@._V1_QL75_UY207_CR3,0,140,207_.jpg"
3. The Dark Knight,2008,2h 32m,PG-13,9,3M,"https://m.media-amazon.com/images/M/MV5BMTMxNTMwODM0NF5BMl5BanBnXkFtZTcwODAyMTk2Mw@@._V1_QL75_UX140_CR0,0,140,207_.jpg"
4. The Godfather Part II,1974,3h 22m,R,9,1.4M,"https://m.media-amazon.com/images/M/MV5BNzc1OWY5MjktZDllMi00ZDEzLWEwMGItYjk1YmRhYjBjNTVlXkEyXkFqcGc@._V1_QL75_UY207_CR3,0,140,207_.jpg"
5. 12 Angry Men,1957,1h 36m,Approved,9,901K,"https://m.media-amazon.com/images/M/MV5BYjE4NzdmOTYtYjc5Yi00YzBiLWEzNDEtNTgxZGQ2MWVkN2NiXkEyXkFqcGc@._V1_QL75_UX140_CR0,4,140,207_.jpg"
6. The Lord of the Rings: The Return of the King,2003,3h 21m,PG-13,9,2M,"https://m.media-amazon.com/images/M/MV5BMTZkMjBjNWMtZGI5OC00MGU0LTk4ZTItODg2NWM3NTVmNWQ4XkEyXkFqcGc@._V1_QL75_UX140_CR0,0,140,207_.jpg"
7. Schindler's List,1993,3h 15m,R,9,1.5M,"https://m.media-amazon.com/images/M/MV5BNjM1ZDQxYWUtMzQyZS00MTE1LWJmZGYtNGUyNTdlYjM3ZmVmXkEyXkFqcGc@._V1_QL75_UX140_CR0,1,140,207_.jpg"
8. Pulp Fiction,1994,2h 34m,R,8.9,2.3M,"https://m.media-amazon.com/images/M/MV5BYTViYTE3ZGQtNDBlMC00ZTAyLTkyODMtZGRiZDg0MjA2YThkXkEyXkFqcGc@._V1_QL75_UY207_CR1,0,140,207_.jpg"
9. The Lord of the Rings: The Fellowship of the Ring,2001,2h 58m,PG-13,8.9,2.1M,"https://m.media-amazon.com/images/M/MV5BNzIxMDQ2YTctNDY4MC00ZTRhLTk4ODQtMTVlOWY4NTdiYmMwXkEyXkFqcGc@._V1_QL75_UX140_CR0,0,140,207_.jpg"
"10. The Good, the Bad and the Ugly",1966,2h 58m,R,8.8,836K,"https://m.media-amazon.com/images/M/MV5BMWM5ZjQxM2YtNDlmYi00ZDNhLWI4MWUtN2VkYjBlMTY1ZTkwXkEyXkFqcGc@._V1_QL75_UX140_CR0,1,140,207_.jpg"
11. Forrest Gump,1994,2h 22m,PG-13,8.8,2.3M,"https://m.media-amazon.com/images/M/MV5BNDYwNzVjMTItZmU5YS00YjQ5LTljYjgtMjY2NDVmYWMyNWFmXkEyXkFqcGc@._V1_QL75_UY207_CR2,0,140,207_.jpg"
12. The Lord of the Rings: The Two Towers,2002,2h 59m,PG-13,8.8,1.8M,"https://m.media-amazon.com/images/M/MV5BMGQxMDdiOWUtYjc1Ni00YzM1LWE2NjMtZTg3Y2JkMjEzMTJjXkEyXkFqcGc@._V1_QL75_UX140_CR0,5,140,207_.jpg"
13. Fight Club,1999,2h 19m,R,8.8,2.4M,"https://m.media-amazon.com/images/M/MV5BOTgyOGQ1NDItNGU3Ny00MjU3LTg2YWEtNmEyYjBiMjI1Y2M5XkEyXkFqcGc@._V1_QL75_UX140_CR0,1,140,207_.jpg"
14. Inception,2010,2h 28m,PG-13,8.8,2.6M,"https://m.media-amazon.com/images/M/MV5BMjAxMzY3NjcxNF5BMl5BanBnXkFtZTcwNTI5OTM0Mw@@._V1_QL75_UX140_CR0,0,140,207_.jpg"
15. Star Wars: Episode V - The Empire Strikes Back,1980,2h 4m,PG,8.7,1.4M,"https://m.media-amazon.com/images/M/MV5BMTkxNGFlNDktZmJkNC00MDdhLTg0MTEtZjZiYWI3MGE5NWIwXkEyXkFqcGc@._V1_QL75_UX140_CR0,5,140,207_.jpg"
16. The Matrix,1999,2h 16m,R,8.7,2.1M,"https://m.media-amazon.com/images/M/MV5BN2NmN2VhMTQtMDNiOS00NDlhLTliMjgtODE2ZTY0ODQyNDRhXkEyXkFqcGc@._V1_QL75_UX140_CR0,1,140,207_.jpg"
17. Goodfellas,1990,2h 25m,R,8.7,1.3M,"https://m.media-amazon.com/images/M/MV5BN2E5NzI2ZGMtY2VjNi00YTRjLWI1MDUtZGY5OWU1MWJjZjRjXkEyXkFqcGc@._V1_QL75_UX140_CR0,1,140,207_.jpg"
18. One Flew Over the Cuckoo's Nest,1975,2h 13m,R,8.7,1.1M,"https://m.media-amazon.com/images/M/MV5BYjBkMjgzMzYtNzRiMS00NDc3LWE4YTUtZjYxYjZhNjNhYzhhXkEyXkFqcGc@._V1_QL75_UX140_CR0,0,140,207_.jpg"
19. Interstellar,2014,2h 49m,PG-13,8.7,2.2M,"https://m.media-amazon.com/images/M/MV5BYzdjMDAxZGItMjI2My00ODA1LTlkNzItOWFjMDU5ZDJlYWY3XkEyXkFqcGc@._V1_QL75_UX140_CR0,0,140,207_.jpg"
20. Se7en,1995,2h 7m,R,8.6,1.9M,"https://m.media-amazon.com/images/M/MV5BY2IzNzMxZjctZjUxZi00YzAxLTk3ZjMtODFjODdhMDU5NDM1XkEyXkFqcGc@._V1_QL75_UX140_CR0,6,140,207_.jpg"
21. It's a Wonderful Life,1946,2h 10m,PG,8.6,516K,"https://m.media-amazon.com/images/M/MV5BMDM4OWFhYjEtNTE5Yy00NjcyLTg5N2UtZDQwNDZlYjlmNDU5XkEyXkFqcGc@._V1_QL75_UY207_CR1,0,140,207_.jpg"
22. Seven Samurai,1954,3h 27m,Not Rated,8.6,378K,"https://m.media-amazon.com/images/M/MV5BZjliMWExOTMtZDQ3ZS00NWU3LWIyN2EtMjllNzk3ZTNlYzg4XkEyXkFqcGc@._V1_QL75_UY207_CR3,0,140,207_.jpg"
23. The Silence of the Lambs,1991,1h 58m,R,8.6,1.6M,"https://m.media-amazon.com/images/M/MV5BNDdhOGJhYzctYzYwZC00YmI2LWI0MjctYjg4ODdlMDExYjBlXkEyXkFqcGc@._V1_QL75_UY207_CR0,0,140,207_.jpg"
24. Saving Private Ryan,1998,2h 49m,R,8.6,1.5M,"https://m.media-amazon.com/images/M/MV5BZGZhZGQ1ZWUtZTZjYS00MDJhLWFkYjctN2ZlYjE5NWYwZDM2XkEyXkFqcGc@._V1_QL75_UY207_CR1,0,140,207_.jpg"
25. City of God,2002,2h 10m,R,8.6,823K,"https://m.media-amazon.com/images/M/MV5BYjY4NGI5OTUtY2ZlZS00Zjk4LTk5N2MtN2JmYWVjNGNmMGRlXkEyXkFqcGc@._V1_QL75_UY207_CR0,0,140,207_.jpg"
26. The Green Mile,1999,3h 9m,R,8.6,1.5M,"https://m.media-amazon.com/images/M/MV5BMTUxMzQyNjA5MF5BMl5BanBnXkFtZTYwOTU2NTY3._V1_QL75_UX140_CR0,0,140,207_.jpg"
27. Life Is Beautiful,1997,1h 56m,PG-13,8.6,764K,"https://m.media-amazon.com/images/M/MV5BZTBhOGYzZjQtYzE0Mi00MGIwLWE0MWYtNzMxNTM2OTFkM2NjXkEyXkFqcGc@._V1_QL75_UX140_CR0,1,140,207_.jpg"
28. Terminator 2: Judgment Day,1991,2h 17m,R,8.6,1.2M,"https://m.media-amazon.com/images/M/MV5BNGMyMGNkMDUtMjc2Ni00NWFlLTgyODEtZTY2MzBiZTg0OWZiXkEyXkFqcGc@._V1_QL75_UX140_CR0,0,140,207_.jpg"
29. Star Wars: Episode IV - A New Hope,1977,2h 1m,PG,8.6,1.5M,"https://m.media-amazon.com/images/M/MV5BOGUwMDk0Y2MtNjBlNi00NmRiLTk2MWYtMGMyMDlhYmI4ZDBjXkEyXkFqcGc@._V1_QL75_UX140_CR0,3,140,207_.jpg"
30. Back to the Future,1985,1h 56m,PG,8.5,1.4M,"https://m.media-amazon.com/images/M/MV5BZmM3ZjE0NzctNjBiOC00MDZmLTgzMTUtNGVlOWFlOTNiZDJiXkEyXkFqcGc@._V1_QL75_UX140_CR0,5,140,207_.jpg"
31. Spirited Away,2001,2h 4m,PG,8.6,886K,"https://m.media-amazon.com/images/M/MV5BNTEyNmEwOWUtYzkyOC00ZTQ4LTllZmUtMjk0Y2YwOGUzYjRiXkEyXkFqcGc@._V1_QL75_UX140_CR0,0,140,207_.jpg"
32. The Pianist,2002,2h 30m,R,8.5,946K,"https://m.media-amazon.com/images/M/MV5BMjEwNmEwYjgtNTk3ZC00NjljLTg5ZDctZTY3ZGQwZjRkZmQxXkEyXkFqcGc@._V1_QL75_UY207_CR5,0,140,207_.jpg"
33. Gladiator,2000,2h 35m,R,8.5,1.7M,"https://m.media-amazon.com/images/M/MV5BYWQ4YmNjYjEtOWE1Zi00Y2U4LWI4NTAtMTU0MjkxNWQ1ZmJiXkEyXkFqcGc@._V1_QL75_UX140_CR0,0,140,207_.jpg"
34. Parasite,2019,2h 12m,R,8.5,1M,"https://m.media-amazon.com/images/M/MV5BYjk1Y2U4MjQtY2ZiNS00OWQyLWI3MmYtZWUwNmRjYWRiNWNhXkEyXkFqcGc@._V1_QL75_UX140_CR0,0,140,207_.jpg"
35. Psycho,1960,1h 49m,R,8.5,741K,"https://m.media-amazon.com/images/M/MV5BYjZhMzFiZjItODA3ZC00MmRhLWIzMGYtMmVjOWUwYTA3MTRjXkEyXkFqcGc@._V1_QL75_UX140_CR0,0,140,207_.jpg"
36. The Lion King,1994,1h 28m,G,8.5,1.2M,"https://m.media-amazon.com/images/M/MV5BZGRiZDZhZjItM2M3ZC00Y2IyLTk3Y2MtMWY5YjliNDFkZTJlXkEyXkFqcGc@._V1_QL75_UX140_CR0,0,140,207_.jpg"
37. The Departed,2006,2h 31m,R,8.5,1.5M,"https://m.media-amazon.com/images/M/MV5BMTI1MTY2OTIxNV5BMl5BanBnXkFtZTYwNjQ4NjY3._V1_QL75_UY207_CR0,0,140,207_.jpg"
38. Grave of the Fireflies,1988,1h 28m,Not Rated,8.5,334K,"https://m.media-amazon.com/images/M/MV5BNTY5MmE2OGMtN2IxNC00MDY4LTkwMGEtZDUzOTYyNWE0ZTNjXkEyXkFqcGc@._V1_QL75_UX140_CR0,1,140,207_.jpg"
39. Whiplash,2014,1h 46m,R,8.5,1M,"https://m.media-amazon.com/images/M/MV5BNDE1ZDdiZTQtNzE0OC00N2IwLTlhOTItNzMyMDZhNzk0ZmQwXkEyXkFqcGc@._V1_QL75_UX140_CR0,0,140,207_.jpg"
40. Spider-Man: Across the Spider-Verse,2023,2h 20m,PG,8.6,425K,"https://m.media-amazon.com/images/M/MV5BNThiZjA3MjItZGY5Ni00ZmJhLWEwN2EtOTBlYTA4Y2E0M2ZmXkEyXkFqcGc@._V1_QL75_UX140_CR0,0,140,207_.jpg"
41. American History X,1998,1h 59m,R,8.5,1.2M,"https://m.media-amazon.com/images/M/MV5BMzhiOTQ0NDItOTg0Zi00OGVmLWE0OGEtMTI4NDM0NWMxZWU4XkEyXkFqcGc@._V1_QL75_UX140_CR0,0,140,207_.jpg"
42. The Prestige,2006,2h 10m,PG-13,8.5,1.5M,"https://m.media-amazon.com/images/M/MV5BMjA4NDI0MTIxNF5BMl5BanBnXkFtZTYwNTM0MzY2._V1_QL75_UX140_CR0,0,140,207_.jpg"
43. Léon: The Professional,1994,1h 50m,R,8.5,1.3M,"https://m.media-amazon.com/images/M/MV5BNGRkYTNhOWQtYmI0Ni00MjZhLWJmMzAtMTA2Mjg4NGNiNDU0XkEyXkFqcGc@._V1_QL75_UX140_CR0,1,140,207_.jpg"
44. Harakiri,1962,2h 13m,Not Rated,8.6,76K,"https://m.media-amazon.com/images/M/MV5BZThiZjU5ZDQtZDI4Mi00ZGYyLTkzOTktYmIzZTFlZTkxYzg5XkEyXkFqcGc@._V1_QL75_UY207_CR2,0,140,207_.jpg"
45. Casablanca,1942,1h 42m,PG,8.5,622K,"https://m.media-amazon.com/images/M/MV5BNWEzN2U1YTYtYTQyMS00NTVkLWE2NGQtZWFlMmM0MDNjMmRiXkEyXkFqcGc@._V1_QL75_UX140_CR0,2,140,207_.jpg"
46. The Usual Suspects,1995,1h 46m,R,8.5,1.2M,"https://m.media-amazon.com/images/M/MV5BOTE5MDUxZDUtZWZmZC00NDVmLWFhOGQtNWI2YTc4NzY3MGQ0XkEyXkFqcGc@._V1_QL75_UX140_CR0,1,140,207_.jpg"
47. The Intouchables,2011,1h 52m,R,8.5,958K,"https://m.media-amazon.com/images/M/MV5BMTYxNDA3MDQwNl5BMl5BanBnXkFtZTcwNTU4Mzc1Nw@@._V1_QL75_UX140_CR0,0,140,207_.jpg"
48. Cinema Paradiso,1988,2h 54m,PG,8.5,294K,"https://m.media-amazon.com/images/M/MV5BMTljNzc4YWEtYTZlMS00ODMyLWIwMTAtNWQxY2VkMDEwYTk5XkEyXkFqcGc@._V1_QL75_UX140_CR0,0,140,207_.jpg"
49. Modern Times,1936,1h 27m,G,8.5,268K,"https://m.media-amazon.com/images/M/MV5BODVkZGFhNGQtYjdiYi00Njc4LWFmYTItNTlmNzJjMTg1ZDc5XkEyXkFqcGc@._V1_QL75_UX140_CR0,0,140,207_.jpg"
50. Alien,1979,1h 57m,R,8.5,996K,"https://m.media-amazon.com/images/M/MV5BN2NhMDk2MmEtZDQzOC00MmY5LThhYzAtMDdjZGFjOGZjMjdjXkEyXkFqcGc@._V1_QL75_UX140_CR0,2,140,207_.jpg"
51. Dune: Part Two,2024,2h 46m,PG-13,8.5,565K,"https://m.media-amazon.com/images/M/MV5BNTc0YmQxMjEtODI5MC00NjFiLTlkMWUtOGQ5NjFmYWUyZGJhXkEyXkFqcGc@._V1_QL75_UX140_CR0,0,140,207_.jpg"
52. Rear Window,1954,1h 52m,PG,8.5,538K,"https://m.media-amazon.com/images/M/MV5BODZhOWI1ODgtMzdiOS00YjNkLTgwOGUtYmIyZDg5ZmQwMzQ1XkEyXkFqcGc@._V1_QL75_UY207_CR1,0,140,207_.jpg"
53. Once Upon a Time in the West,1968,2h 46m,PG-13,8.5,361K,"https://m.media-amazon.com/images/M/MV5BZjYyNGY1MDEtN2I1MC00MGVhLTljZTYtODQ1NzQ0ODc2NzZlXkEyXkFqcGc@._V1_QL75_UX140_CR0,1,140,207_.jpg"
54. Django Unchained,2012,2h 45m,R,8.5,1.8M,"https://m.media-amazon.com/images/M/MV5BMjIyNTQ5NjQ1OV5BMl5BanBnXkFtZTcwODg1MDU4OA@@._V1_QL75_UX140_CR0,0,140,207_.jpg"
55. City Lights,1931,1h 27m,G,8.5,203K,"https://m.media-amazon.com/images/M/MV5BM2U4NjgzODUtODkyOC00YTE2LTlhNTItYzFlYmM1NTEzZDA2XkEyXkFqcGc@._V1_QL75_UX140_CR0,1,140,207_.jpg"
56. Apocalypse Now,1979,2h 27m,R,8.4,730K,"https://m.media-amazon.com/images/M/MV5BZDhiMTljYjYtODc1Yy00MmEwLTg2OTYtYmE1YTRmNDE4MmEwXkEyXkFqcGc@._V1_QL75_UX140_CR0,4,140,207_.jpg"
57. Memento,2000,1h 53m,R,8.4,1.4M,"https://m.media-amazon.com/images/M/MV5BYmQ3MjliNjAtNWFiZS00YWI1LTlmZTktMzBiNDE1NjRhZjU0XkEyXkFqcGc@._V1_QL75_UY207_CR1,0,140,207_.jpg"
58. WALL·E,2008,1h 38m,G,8.4,1.2M,"https://m.media-amazon.com/images/M/MV5BMjExMTg5OTU0NF5BMl5BanBnXkFtZTcwMjMxMzMzMw@@._V1_QL75_UX140_CR0,0,140,207_.jpg"
59. Raiders of the Lost Ark,1981,1h 55m,PG,8.4,1.1M,"https://m.media-amazon.com/images/M/MV5BOGNhMjg2ZjgtYzk4Ni00MTViLTg1MmUtYzM2MDZiYjZlMmU3XkEyXkFqcGc@._V1_QL75_UY207_CR1,0,140,207_.jpg"
60. The Lives of Others,2006,2h 17m,R,8.4,422K,"https://m.media-amazon.com/images/M/MV5BYjM1N2Q0YWEtN2E5MC00NDM3LTk2NTEtMTc1NTk5OTA5ZGIzXkEyXkFqcGc@._V1_QL75_UX140_CR0,1,140,207_.jpg"
61. 12th Fail,2023,2h 27m,,8.8,138K,"https://m.media-amazon.com/images/M/MV5BNTE3OTIxZDYtNjA0NC00N2YxLTg1NGQtOTYxNmZkMDkwOWNjXkEyXkFqcGc@._V1_QL75_UY207_CR9,0,140,207_.jpg"
62. Avengers: Infinity War,2018,2h 29m,PG-13,8.4,1.3M,"https://m.media-amazon.com/images/M/MV5BMjMxNjY2MDU1OV5BMl5BanBnXkFtZTgwNzY1MTUwNTM@._V1_QL75_UX140_CR0,0,140,207_.jpg"
63. Sunset Boulevard,1950,1h 50m,Approved,8.4,245K,"https://m.media-amazon.com/images/M/MV5BMTU0NTkyNzYwMF5BMl5BanBnXkFtZTgwMDU0NDk5MTI@._V1_QL75_UX140_CR0,2,140,207_.jpg"
64. Spider-Man: Into the Spider-Verse,2018,1h 57m,PG,8.4,708K,"https://m.media-amazon.com/images/M/MV5BMjMwNDkxMTgzOF5BMl5BanBnXkFtZTgwNTkwNTQ3NjM@._V1_QL75_UX140_CR0,0,140,207_.jpg"
65. Paths of Glory,1957,1h 28m,Approved,8.4,222K,"https://m.media-amazon.com/images/M/MV5BNmQ2NmI2ODYtMDQzNS00NzQyLTkzZjgtZmZlYTQ5MTc1OWU3XkEyXkFqcGc@._V1_QL75_UX140_CR0,3,140,207_.jpg"
66. Witness for the Prosecution,1957,1h 56m,Approved,8.4,145K,"https://m.media-amazon.com/images/M/MV5BNjRhNTQzMzQtMWViMi00ODQ1LTg0MTEtYWE4ZWZlYjM4YjJhXkEyXkFqcGc@._V1_QL75_UX140_CR0,3,140,207_.jpg"
67. The Shining,1980,2h 26m,R,8.4,1.1M,"https://m.media-amazon.com/images/M/MV5BNmM5ZThhY2ItOGRjOS00NzZiLWEwYTItNDgyMjFkOTgxMmRiXkEyXkFqcGc@._V1_QL75_UX140_CR0,3,140,207_.jpg"
68. The Great Dictator,1940,2h 5m,G,8.4,245K,"https://m.media-amazon.com/images/M/MV5BMjc4ZjEwNDUtMjlmZS00NzQ4LTg2N2MtMGI3ZjMyMmM3ZDM2XkEyXkFqcGc@._V1_QL75_UX140_CR0,0,140,207_.jpg"
69. Aliens,1986,2h 17m,R,8.4,796K,"https://m.media-amazon.com/images/M/MV5BZjIyNGJhYzYtN2I1My00OTVhLWEyMzItZTVjNDMzOTVkYWViXkEyXkFqcGc@._V1_QL75_UX140_CR0,2,140,207_.jpg"
70. Inglourious Basterds,2009,2h 33m,R,8.4,1.6M,"https://m.media-amazon.com/images/M/MV5BODZhMWJlNjYtNDExNC00MTIzLTllM2ItOGQ2NGVjNDQ3MzkzXkEyXkFqcGc@._V1_QL75_UX140_CR0,0,140,207_.jpg"
71. The Dark Knight Rises,2012,2h 44m,PG-13,8.4,1.9M,"https://m.media-amazon.com/images/M/MV5BMTk4ODQzNDY3Ml5BMl5BanBnXkFtZTcwODA0NTM4Nw@@._V1_QL75_UX140_CR0,0,140,207_.jpg"
72. Coco,2017,1h 45m,PG,8.4,628K,"https://m.media-amazon.com/images/M/MV5BMDIyM2E2NTAtMzlhNy00ZGUxLWI1NjgtZDY5MzhiMDc5NGU3XkEyXkFqcGc@._V1_QL75_UY207_CR3,0,140,207_.jpg"
73. Amadeus,1984,2h 40m,PG,8.4,441K,"https://m.media-amazon.com/images/M/MV5BMzc2MjM0NTMtOGY4NC00NzY1LWE2ODUtZjMzY2RhNGNkZDAyXkEyXkFqcGc@._V1_QL75_UX140_CR0,5,140,207_.jpg"
74. Toy Story,1995,1h 21m,G,8.3,1.1M,"https://m.media-amazon.com/images/M/MV5BZTA3OWVjOWItNjE1NS00NzZiLWE1MjgtZDZhMWI1ZTlkNzYwXkEyXkFqcGc@._V1_QL75_UX140_CR0,1,140,207_.jpg"
75. Oldboy,2003,2h,R,8.3,661K,"https://m.media-amazon.com/images/M/MV5BMTI3NTQyMzU5M15BMl5BanBnXkFtZTcwMTM2MjgyMQ@@._V1_QL75_UX140_CR0,0,140,207_.jpg"
76. Dr. Strangelove or: How I Learned to Stop Worrying and Love the Bomb,1964,1h 35m,PG,8.3,531K,"https://m.media-amazon.com/images/M/MV5BMjFjYzBlOTktMTI2OS00ZWVhLTgxMDUtNzAwODY2NmI3YTAzXkEyXkFqcGc@._V1_QL75_UX140_CR0,5,140,207_.jpg"
77. Avengers: Endgame,2019,3h 1m,PG-13,8.4,1.3M,"https://m.media-amazon.com/images/M/MV5BMTc5MDE2ODcwNV5BMl5BanBnXkFtZTgwMzI2NzQ2NzM@._V1_QL75_UX140_CR0,0,140,207_.jpg"
78. American Beauty,1999,2h 2m,R,8.3,1.2M,"https://m.media-amazon.com/images/M/MV5BMDI1MDE0OTMtMmI2MS00Yjc2LTg2MTItMWExYTg5NzA1OGUzXkEyXkFqcGc@._V1_QL75_UX140_CR0,0,140,207_.jpg"
79. Good Will Hunting,1997,2h 6m,R,8.3,1.1M,"https://m.media-amazon.com/images/M/MV5BNDdjZGQ5YzEtNTc2My00Mjc0LWFlMTctYzkwMzZlNzdiZWYzXkEyXkFqcGc@._V1_QL75_UX140_CR0,3,140,207_.jpg"
80. Das Boot,1981,2h 29m,,8.4,273K,"https://m.media-amazon.com/images/M/MV5BNGU0MWZlMTUtM2Y3Ny00NGNmLWE5NmEtN2YxOWQzMGM3ZWYzXkEyXkFqcGc@._V1_QL75_UX140_CR0,2,140,207_.jpg"
81. Braveheart,1995,2h 58m,R,8.3,1.1M,"https://m.media-amazon.com/images/M/MV5BNGMxZDBhNGQtYTZlNi00N2UzLWI4NDEtNmUzNWM2NTdmZDA0XkEyXkFqcGc@._V1_QL75_UY207_CR0,0,140,207_.jpg"
82. Princess Mononoke,1997,2h 13m,PG-13,8.3,450K,"https://m.media-amazon.com/images/M/MV5BNjAzODViNGEtMjBkYi00N2U5LWJjNjAtY2U0MGJhZTEwOTU0XkEyXkFqcGc@._V1_QL75_UX140_CR0,0,140,207_.jpg"
83. Your Name.,2016,1h 46m,,8.4,342K,"https://m.media-amazon.com/images/M/MV5BMjI1ODZkYTgtYTY3Yy00ZTJkLWFkOTgtZDUyYWM4MzQwNjk0XkEyXkFqcGc@._V1_QL75_UX140_CR0,0,140,207_.jpg"
84. High and Low,1963,2h 23m,Not Rated,8.4,58K,"https://m.media-amazon.com/images/M/MV5BOTFmOTNjYjUtMDA2MC00ZTJiLThiYzktNDdjNzQwMjNkN2NmXkEyXkFqcGc@._V1_QL75_UY207_CR3,0,140,207_.jpg"
85. Joker,2019,2h 2m,R,8.4,1.6M,"https://m.media-amazon.com/images/M/MV5BNzY3OWQ5NDktNWQ2OC00ZjdlLThkMmItMDhhNDk3NTFiZGU4XkEyXkFqcGc@._V1_QL75_UX140_CR0,0,140,207_.jpg"
86. 3 Idiots,2009,2h 50m,PG-13,8.4,449K,"https://m.media-amazon.com/images/M/MV5BNzc4ZWQ3NmYtODE0Ny00YTQ4LTlkZWItNTBkMGQ0MmUwMmJlXkEyXkFqcGc@._V1_QL75_UY207_CR2,0,140,207_.jpg"
87. Once Upon a Time in America,1984,3h 49m,R,8.3,388K,"https://m.media-amazon.com/images/M/MV5BMDQ0ZTg2OGUtZjMyOC00M2M5LThkMmItZmM2MmUzMmIxMWJhXkEyXkFqcGc@._V1_QL75_UX140_CR0,1,140,207_.jpg"
88. Singin' in the Rain,1952,1h 43m,G,8.3,268K,"https://m.media-amazon.com/images/M/MV5BMGQzZDFjZWUtZDU4ZS00ZjM3LTgyYmItYjA3YmIwYzRkZWY3XkEyXkFqcGc@._V1_QL75_UY207_CR1,0,140,207_.jpg"
89. Capernaum,2018,2h 6m,R,8.4,112K,"https://m.media-amazon.com/images/M/MV5BYzEyMzQ1OTktZTljZi00OWQzLWE2ZmUtZjQyNzBjYjE1NTc0XkEyXkFqcGc@._V1_QL75_UY207_CR1,0,140,207_.jpg"
90. Come and See,1985,2h 22m,Not Rated,8.3,107K,"https://m.media-amazon.com/images/M/MV5BNDlkZmVkZDAtZGFmMS00OWIzLWJkY2YtNWE5NjNhNjhiZGE3XkEyXkFqcGc@._V1_QL75_UX140_CR0,4,140,207_.jpg"
91. Requiem for a Dream,2000,1h 42m,NC-17,8.3,924K,"https://m.media-amazon.com/images/M/MV5BN2ZlMjIzZjctYzA2My00ZWYyLWI4ZjctMGI2NWYyNzFiZjAwXkEyXkFqcGc@._V1_QL75_UX140_CR0,1,140,207_.jpg"
92. Toy Story 3,2010,1h 43m,G,8.3,917K,"https://m.media-amazon.com/images/M/MV5BMTgxOTY4Mjc0MF5BMl5BanBnXkFtZTcwNTA4MDQyMw@@._V1_QL75_UY207_CR3,0,140,207_.jpg"
93. Star Wars: Episode VI - Return of the Jedi,1983,2h 11m,PG,8.3,1.1M,"https://m.media-amazon.com/images/M/MV5BNWEwOTI0MmUtMGNmNy00ODViLTlkZDQtZTg1YmQ3MDgyNTUzXkEyXkFqcGc@._V1_QL75_UX140_CR0,5,140,207_.jpg"
94. The Hunt,2012,1h 55m,R,8.3,379K,"https://m.media-amazon.com/images/M/MV5BMTg2NDg3ODg4NF5BMl5BanBnXkFtZTcwNzk3NTc3Nw@@._V1_QL75_UY207_CR3,0,140,207_.jpg"
95. Eternal Sunshine of the Spotless Mind,2004,1h 48m,R,8.3,1.1M,"https://m.media-amazon.com/images/M/MV5BMTY4NzcwODg3Nl5BMl5BanBnXkFtZTcwNTEwOTMyMw@@._V1_QL75_UX140_CR0,0,140,207_.jpg"
96. Ikiru,1952,2h 23m,Not Rated,8.3,94K,"https://m.media-amazon.com/images/M/MV5BZTk4OGEwNDQtOGI2MC00MTU2LTk0YTEtNmU5NTIxMWNkNDhlXkEyXkFqcGc@._V1_QL75_UX140_CR0,1,140,207_.jpg"
97. 2001: A Space Odyssey,1968,2h 29m,G,8.3,741K,"https://m.media-amazon.com/images/M/MV5BNjU0NDFkMTQtZWY5OS00MmZhLTg3Y2QtZmJhMzMzMWYyYjc2XkEyXkFqcGc@._V1_QL75_UX140_CR0,0,140,207_.jpg"
98. Reservoir Dogs,1992,1h 39m,R,8.3,1.1M,"https://m.media-amazon.com/images/M/MV5BMmMzYjg4NDctYWY0Mi00OGViLWIzMTMtYWNlZGY5ZDJmYjk3XkEyXkFqcGc@._V1_QL75_UX140_CR0,1,140,207_.jpg"
99. The Apartment,1960,2h 5m,Approved,8.3,204K,"https://m.media-amazon.com/images/M/MV5BNDdhMzVhOWQtNDU2Mi00ZmZmLWJiZDMtY2QxMjhjY2Y1ZTI5XkEyXkFqcGc@._V1_QL75_UX140_CR0,7,140,207_.jpg"
100. Lawrence of Arabia,1962,3h 47m,PG,8.3,324K,"https://m.media-amazon.com/images/M/MV5BYjY0YTQ1OTAtYjEyNy00NTQ4LThlMTQtM2QwYTVhYWFhNjU5XkEyXkFqcGc@._V1_QL75_UY207_CR2,0,140,207_.jpg"
101. Incendies,2010,2h 11m,R,8.3,217K,"https://m.media-amazon.com/images/M/MV5BYWFmMjdmNjctNzhhOC00ZmMzLTkwOGItMmVmZDU4MjE2MTYwXkEyXkFqcGc@._V1_QL75_UX140_CR0,1,140,207_.jpg"
102. Scarface,1983,2h 50m,R,8.3,945K,"https://m.media-amazon.com/images/M/MV5BNDUzYjY0NmUtMDM4OS00Y2Q5LWJiODYtNTk0ZTk0YjZhMTg1XkEyXkFqcGc@._V1_QL75_UX140_CR0,1,140,207_.jpg"
103. Double Indemnity,1944,1h 47m,Approved,8.3,172K,"https://m.media-amazon.com/images/M/MV5BM2YwNjZlZDktNTlmNS00ODQwLWJmNmUtYmE1NTBhYjc1YTY5XkEyXkFqcGc@._V1_QL75_UX140_CR0,2,140,207_.jpg"
104. North by Northwest,1959,2h 16m,Approved,8.3,356K,"https://m.media-amazon.com/images/M/MV5BZWIzODI2OGItMzM0Ny00OGRmLTlkNmItMDQxMTFmMTk3YmQwXkEyXkFqcGc@._V1_QL75_UX140_CR0,2,140,207_.jpg"
105. Citizen Kane,1941,1h 59m,PG,8.3,476K,"https://m.media-amazon.com/images/M/MV5BYjk1ZDJlMmUtOWQ0Zi00MDM5LTk1OGYtODczNjFmMGYwZGVkXkEyXkFqcGc@._V1_QL75_UX140_CR0,1,140,207_.jpg"
106. M,1931,1h 39m,Passed,8.3,174K,"https://m.media-amazon.com/images/M/MV5BODA4ODk3OTEzMF5BMl5BanBnXkFtZTgwMTQ2ODMwMzE@._V1_QL75_UX140_CR0,1,140,207_.jpg"
107. Heat,1995,2h 50m,R,8.3,740K,"https://m.media-amazon.com/images/M/MV5BMTkxYjU1OTMtYWViZC00ZjAzLWI3MDktZGQ2N2VmMjVjNDRlXkEyXkFqcGc@._V1_QL75_UY207_CR2,0,140,207_.jpg"
108. Vertigo,1958,2h 8m,PG,8.3,439K,"https://m.media-amazon.com/images/M/MV5BNzEyZTUxMWItMGVhYy00Y2NlLTljYTMtYzBmMzI1YmUyMDBkXkEyXkFqcGc@._V1_QL75_UX140_CR0,5,140,207_.jpg"
109. Full Metal Jacket,1987,1h 56m,R,8.2,810K,"https://m.media-amazon.com/images/M/MV5BYWUzNzZkNzUtNDdiYy00Nzk5LTgxMmItNTk0MjRjNjdjNDA0XkEyXkFqcGc@._V1_QL75_UX140_CR0,1,140,207_.jpg"
110. Up,2009,1h 36m,PG,8.3,1.2M,"https://m.media-amazon.com/images/M/MV5BNmI1ZTc5MWMtMDYyOS00ZDc2LTkzOTAtNjQ4NWIxNjYyNDgzXkEyXkFqcGc@._V1_QL75_UX140_CR0,0,140,207_.jpg"
111. Amélie,2001,2h 2m,R,8.3,809K,"https://m.media-amazon.com/images/M/MV5BOTNmYzY0MWQtZGZmNy00Y2Y4LWFmMDQtMTZjYTdiYzEwZGQ2XkEyXkFqcGc@._V1_QL75_UX140_CR0,1,140,207_.jpg"
112. Oppenheimer,2023,3h,R,8.3,828K,"https://m.media-amazon.com/images/M/MV5BN2JkMDc5MGQtZjg3YS00NmFiLWIyZmQtZTJmNTM5MjVmYTQ4XkEyXkFqcGc@._V1_QL75_UX140_CR0,0,140,207_.jpg"
113. A Clockwork Orange,1971,2h 16m,R,8.2,900K,"https://m.media-amazon.com/images/M/MV5BMTY3MjM1Mzc4N15BMl5BanBnXkFtZTgwODM0NzAxMDE@._V1_QL75_UX140_CR0,0,140,207_.jpg"
114. To Kill a Mockingbird,1962,2h 9m,Approved,8.3,340K,"https://m.media-amazon.com/images/M/MV5BZTlkYWU4MGEtZmQyYi00OWEzLTgzY2EtYzVjOTEzYzAyNTk1XkEyXkFqcGc@._V1_QL75_UX140_CR0,3,140,207_.jpg"
115. A Separation,2011,2h 3m,PG-13,8.3,266K,"https://m.media-amazon.com/images/M/MV5BMDM0ZWRmMzctM2M5ZS00ZjU0LWIxN2MtNWNlNGY1ZDhjMDVhXkEyXkFqcGc@._V1_QL75_UX140_CR0,0,140,207_.jpg"
116. The Sting,1973,2h 9m,PG,8.3,286K,"https://m.media-amazon.com/images/M/MV5BZGI4OTk4MDMtYmQ1Ni00YTUzLTkyYTktZGUwMjMyN2M4NjQ5XkEyXkFqcGc@._V1_QL75_UX140_CR0,3,140,207_.jpg"
117. Die Hard,1988,2h 12m,R,8.2,972K,"https://m.media-amazon.com/images/M/MV5BMGNlYmM1NmQtYWExMS00NmRjLTg5ZmEtMmYyYzJkMzljYWMxXkEyXkFqcGc@._V1_QL75_UX140_CR0,1,140,207_.jpg"
118. Indiana Jones and the Last Crusade,1989,2h 7m,PG-13,8.2,828K,"https://m.media-amazon.com/images/M/MV5BNGIxNzQ0YzYtMjNmYi00YjBlLWFjNzEtNGE3ZGFmYTczM2MwXkEyXkFqcGc@._V1_QL75_UX140_CR0,0,140,207_.jpg"
119. Like Stars on Earth,2007,2h 42m,PG,8.3,214K,"https://m.media-amazon.com/images/M/MV5BZTI0ZGRiMDEtNGNjMS00MGU4LWI3OTktNzcxMDZmZTk3MTljXkEyXkFqcGc@._V1_QL75_UY207_CR3,0,140,207_.jpg"
120. Metropolis,1927,2h 33m,Not Rated,8.3,191K,"https://m.media-amazon.com/images/M/MV5BMjhjMGYyMjAtMzJkYy00NzhlLWIwY2MtMWQ2ODIxZDUyOGYyXkEyXkFqcGc@._V1_QL75_UY207_CR0,0,140,207_.jpg"
121. Snatch,2000,1h 42m,R,8.2,932K,"https://m.media-amazon.com/images/M/MV5BYzk5NjJkMTQtN2IyNC00YWM5LTlhZmMtNGI3MWNhMTU1YTc4XkEyXkFqcGc@._V1_QL75_UY207_CR1,0,140,207_.jpg"
122. 1917,2019,1h 59m,R,8.2,708K,"https://m.media-amazon.com/images/M/MV5BYzkxZjg2NDQtMGVjMy00NWZkLTk0ZDEtZWE3NDYwYjAyMTg1XkEyXkFqcGc@._V1_QL75_UX140_CR0,7,140,207_.jpg"
123. L.A. Confidential,1997,2h 18m,R,8.2,633K,"https://m.media-amazon.com/images/M/MV5BODdiMjY1OGYtNDk0NC00NGQ1LWI4MDItOTJhMTM0YjE1YTAzXkEyXkFqcGc@._V1_QL75_UY207_CR1,0,140,207_.jpg"
124. Bicycle Thieves,1948,1h 29m,Not Rated,8.3,181K,"https://m.media-amazon.com/images/M/MV5BZTQzYTIxYzItYmQ5YS00MmFhLWEyMjItNTBhMTRmM2Y5MDJhXkEyXkFqcGc@._V1_QL75_UY207_CR2,0,140,207_.jpg"
125. Downfall,2004,2h 36m,R,8.2,383K,"https://m.media-amazon.com/images/M/MV5BMTU0NTU5NTAyMl5BMl5BanBnXkFtZTYwNzYwMDg2._V1_QL75_UY207_CR1,0,140,207_.jpg"
126. Dangal,2016,2h 41m,Not Rated,8.3,220K,"https://m.media-amazon.com/images/M/MV5BMTQ4MzQzMzM2Nl5BMl5BanBnXkFtZTgwMTQ1NzU3MDI@._V1_QL75_UY207_CR4,0,140,207_.jpg"
127. Taxi Driver,1976,1h 54m,R,8.2,957K,"https://m.media-amazon.com/images/M/MV5BZDNhMGYwM2UtMTdlZS00MGQ1LWI2YzAtODY5YWI1MjYyNzRmXkEyXkFqcGc@._V1_QL75_UX140_CR0,3,140,207_.jpg"
128. Hamilton,2020,2h 40m,PG-13,8.3,123K,"https://m.media-amazon.com/images/M/MV5BYzBhOWY4ZTktMjE2NS00ZGIyLWJkOGMtNDQyN2JjZWFiODdiXkEyXkFqcGc@._V1_QL75_UX140_CR0,0,140,207_.jpg"
129. The Wolf of Wall Street,2013,3h,R,8.2,1.6M,"https://m.media-amazon.com/images/M/MV5BMjIxMjgxNTk0MF5BMl5BanBnXkFtZTgwNjIyOTg2MDE@._V1_QL75_UX140_CR0,0,140,207_.jpg"
130. Batman Begins,2005,2h 20m,PG-13,8.2,1.6M,"https://m.media-amazon.com/images/M/MV5BODIyMDdhNTgtNDlmOC00MjUxLWE2NDItODA5MTdkNzY3ZTdhXkEyXkFqcGc@._V1_QL75_UY207_CR0,0,140,207_.jpg"
131. For a Few Dollars More,1965,2h 12m,R,8.2,283K,"https://m.media-amazon.com/images/M/MV5BNTRmOTcyYmYtMTIwNi00ZGYyLTk4YjYtZGJlZTgwZGY0NGQyXkEyXkFqcGc@._V1_QL75_UX140_CR0,3,140,207_.jpg"
132. Green Book,2018,2h 10m,PG-13,8.2,611K,"https://m.media-amazon.com/images/M/MV5BNDU5YTNmMmItN2QxNy00OGQ0LTg5MTctNzFmYjEzZjcwN2UwXkEyXkFqcGc@._V1_QL75_UX140_CR0,1,140,207_.jpg"
133. Some Like It Hot,1959,2h 1m,Approved,8.2,290K,"https://m.media-amazon.com/images/M/MV5BZTllZDYyNjEtY2RmMS00NmJhLWI4ODAtMTQ0NWFiZTJhZjA0XkEyXkFqcGc@._V1_QL75_UX140_CR0,5,140,207_.jpg"
134. The Truman Show,1998,1h 43m,PG,8.2,1.2M,"https://m.media-amazon.com/images/M/MV5BNzA3ZjZlNzYtMTdjMy00NjMzLTk5ZGYtMTkyYzNiOGM1YmM3XkEyXkFqcGc@._V1_QL75_UX140_CR0,0,140,207_.jpg"
135. Judgment at Nuremberg,1961,2h 59m,Approved,8.3,89K,"https://m.media-amazon.com/images/M/MV5BNDc2ODQ5NTE2MV5BMl5BanBnXkFtZTcwODExMjUyNA@@._V1_QL75_UX140_CR0,1,140,207_.jpg"
136. The Kid,1921,1h 8m,Passed,8.2,139K,"https://m.media-amazon.com/images/M/MV5BNjkxMzY1NTQtN2YwOS00NmIwLTlkNTMtMjNkMzk1ZTk3ZDU2XkEyXkFqcGc@._V1_QL75_UX140_CR0,2,140,207_.jpg"
137. The Father,2020,1h 37m,PG-13,8.2,205K,"https://m.media-amazon.com/images/M/MV5BYzUxMDAyMDAtNzIyZi00OGQ1LTllMjEtYzRjOThkZTUxNTliXkEyXkFqcGc@._V1_QL75_UX140_CR0,0,140,207_.jpg"
138. Shutter Island,2010,2h 18m,R,8.2,1.5M,"https://m.media-amazon.com/images/M/MV5BN2FjNWExYzEtY2YzOC00YjNlLTllMTQtNmIwM2Q1YzBhOWM1XkEyXkFqcGc@._V1_QL75_UX140_CR0,0,140,207_.jpg"
139. All About Eve,1950,2h 18m,Approved,8.2,142K,"https://m.media-amazon.com/images/M/MV5BOTM4ZjUzOGUtYzdlZi00ZmM5LTk5NTEtMjQxNDVmOTc5NWNlXkEyXkFqcGc@._V1_QL75_UX140_CR0,2,140,207_.jpg"
140. There Will Be Blood,2007,2h 38m,R,8.2,658K,"https://m.media-amazon.com/images/M/MV5BMjAxODQ4MDU5NV5BMl5BanBnXkFtZTcwMDU4MjU1MQ@@._V1_QL75_UX140_CR0,0,140,207_.jpg"
141. Jurassic Park,1993,2h 7m,PG-13,8.2,1.1M,"https://m.media-amazon.com/images/M/MV5BMjM2MDgxMDg0Nl5BMl5BanBnXkFtZTgwNTM2OTM5NDE@._V1_QL75_UX140_CR0,1,140,207_.jpg"
142. Casino,1995,2h 58m,R,8.2,581K,"https://m.media-amazon.com/images/M/MV5BMDRlZWZjZjYtYzY2NS00ZWVjLTkwYzAtZTA2ZDAzMGRiYmYwXkEyXkFqcGc@._V1_QL75_UX140_CR0,1,140,207_.jpg"
143. The Sixth Sense,1999,1h 47m,PG-13,8.2,1.1M,"https://m.media-amazon.com/images/M/MV5BZWQ2OTY0M2UtMTQxNC00MmIzLTllNDQtNDQ0MTQyYzI2M2ZiXkEyXkFqcGc@._V1_QL75_UY207_CR0,0,140,207_.jpg"
144. Top Gun: Maverick,2022,2h 10m,PG-13,8.2,747K,"https://m.media-amazon.com/images/M/MV5BMDBkZDNjMWEtOTdmMi00NmExLTg5MmMtNTFlYTJlNWY5YTdmXkEyXkFqcGc@._V1_QL75_UX140_CR0,0,140,207_.jpg"
145. Ran,1985,2h 40m,R,8.2,141K,"https://m.media-amazon.com/images/M/MV5BZDk2NDY5YjktMjEyMC00OTJhLTkzM2EtY2Q4Y2RjYzc2Yjk4XkEyXkFqcGc@._V1_QL75_UX140_CR0,3,140,207_.jpg"
146. No Country for Old Men,2007,2h 2m,R,8.2,1.1M,"https://m.media-amazon.com/images/M/MV5BMjA5Njk3MjM4OV5BMl5BanBnXkFtZTcwMTc5MTE1MQ@@._V1_QL75_UY207_CR1,0,140,207_.jpg"
147. Pan's Labyrinth,2006,1h 58m,R,8.2,716K,"https://m.media-amazon.com/images/M/MV5BOTc1NTAxMWItMWFlNy00MmU2LTkwMTMtNzMwOTg5OTQ5YTFiXkEyXkFqcGc@._V1_QL75_UX140_CR0,1,140,207_.jpg"
148. The Thing,1982,1h 49m,R,8.2,487K,"https://m.media-amazon.com/images/M/MV5BYTA3NDU5MWEtNTk4Yy00ZDNkLThmZTQtMjU3ZGVhYzAyMzU4XkEyXkFqcGc@._V1_QL75_UX140_CR0,1,140,207_.jpg"
149. Unforgiven,1992,2h 10m,R,8.2,447K,"https://m.media-amazon.com/images/M/MV5BNmZmMzM3YWMtZjg5Yi00M2MxLTg3ZGItNGU4YjQxNDAxM2Q4XkEyXkFqcGc@._V1_QL75_UX140_CR0,1,140,207_.jpg"
150. A Beautiful Mind,2001,2h 15m,PG-13,8.2,1M,"https://m.media-amazon.com/images/M/MV5BNzljZTk5ZDgtZTQ1Zi00NTM4LThlOGUtZDk2MGM4NDQ4NWQyXkEyXkFqcGc@._V1_QL75_UX140_CR0,0,140,207_.jpg"
151. Kill Bill: Vol. 1,2003,1h 51m,R,8.2,1.2M,"https://m.media-amazon.com/images/M/MV5BZmMyYzJlZmYtY2I3NC00NjAyLTkyZWItZjdjZDI1YTYyYTEwXkEyXkFqcGc@._V1_QL75_UX140_CR0,1,140,207_.jpg"
152. The Treasure of the Sierra Madre,1948,2h 6m,Approved,8.2,136K,"https://m.media-amazon.com/images/M/MV5BOWM1YjFmODEtMWNhMC00YmI1LWI0Y2EtYzg0YTBhZWI4ODE3XkEyXkFqcGc@._V1_QL75_UX140_CR0,2,140,207_.jpg"
153. Yojimbo,1961,1h 50m,Not Rated,8.2,135K,"https://m.media-amazon.com/images/M/MV5BYzFkODA1N2QtY2UyMC00NTMwLWEyNzctMmE3YjIzNzE1MzY4XkEyXkFqcGc@._V1_QL75_UX140_CR0,1,140,207_.jpg"
154. Prisoners,2013,2h 33m,R,8.2,846K,"https://m.media-amazon.com/images/M/MV5BMTg0NTIzMjQ1NV5BMl5BanBnXkFtZTcwNDc3MzM5OQ@@._V1_QL75_UY207_CR0,0,140,207_.jpg"
155. Finding Nemo,2003,1h 40m,G,8.2,1.1M,"https://m.media-amazon.com/images/M/MV5BMTc5NjExNTA5OV5BMl5BanBnXkFtZTYwMTQ0ODY2._V1_QL75_UX140_CR0,0,140,207_.jpg"
156. The Great Escape,1963,2h 52m,Approved,8.2,265K,"https://m.media-amazon.com/images/M/MV5BMDRhNmJjMzEtMWU5MC00YmEyLTg3ZmYtNzYxZTI1ZGU4ZjI1XkEyXkFqcGc@._V1_QL75_UX140_CR0,6,140,207_.jpg"
157. Monty Python and the Holy Grail,1975,1h 31m,PG,8.2,581K,"https://m.media-amazon.com/images/M/MV5BYWY4YmUzZmUtMzQ0ZS00N2Y2LWJlODQtN2IwMDc1MWQwMmU3XkEyXkFqcGc@._V1_QL75_UX140_CR0,1,140,207_.jpg"
158. The Wild Robot,2024,1h 42m,PG,8.2,101K,"https://m.media-amazon.com/images/M/MV5BZjM2M2E3YzAtZDJjYy00MDhkLThiYmItOGZhNzQ3NTgyZmI0XkEyXkFqcGc@._V1_QL75_UX140_CR0,7,140,207_.jpg"
159. Howl's Moving Castle,2004,1h 59m,PG,8.2,470K,"https://m.media-amazon.com/images/M/MV5BMTY1OTg0MjE3MV5BMl5BanBnXkFtZTcwNTUxMTkyMQ@@._V1_QL75_UX140_CR0,0,140,207_.jpg"
160. The Elephant Man,1980,2h 4m,PG,8.2,266K,"https://m.media-amazon.com/images/M/MV5BMGE3MDZhNmMtMmUxZS00MDJmLTgxYmQtOGU4ODU0Y2JmNDI1XkEyXkFqcGc@._V1_QL75_UX140_CR0,1,140,207_.jpg"
161. Rashomon,1950,1h 28m,Not Rated,8.2,186K,"https://m.media-amazon.com/images/M/MV5BMjEzMzA4NDE2OF5BMl5BanBnXkFtZTcwNTc5MDI2NQ@@._V1_QL75_UX140_CR0,0,140,207_.jpg"
162. Dial M for Murder,1954,1h 45m,PG,8.2,195K,"https://m.media-amazon.com/images/M/MV5BZmYzNDgzYjgtNmU3Ny00YzUxLWE3OWUtMjIxZmNkYTVhNDZmXkEyXkFqcGc@._V1_QL75_UY207_CR7,0,140,207_.jpg"
163. Gone with the Wind,1939,3h 58m,G,8.2,342K,"https://m.media-amazon.com/images/M/MV5BYmYxZTE3YzMtYmE2Yy00NmFlLTkzYTAtYTAzN2IzNDFkN2E0XkEyXkFqcGc@._V1_QL75_UX140_CR0,3,140,207_.jpg"
164. Chinatown,1974,2h 10m,R,8.1,360K,"https://m.media-amazon.com/images/M/MV5BNmRmZTE0NmUtZjhiZi00MzQ3LTk3ZjctN2Q3ODYzY2U3MDk3XkEyXkFqcGc@._V1_QL75_UX140_CR0,2,140,207_.jpg"
165. The Secret in Their Eyes,2009,2h 9m,R,8.2,229K,"https://m.media-amazon.com/images/M/MV5BMTgwNTI3OTczOV5BMl5BanBnXkFtZTcwMTM3MTUyMw@@._V1_QL75_UY207_CR0,0,140,207_.jpg"
"166. Lock, Stock and Two Smoking Barrels",1998,1h 47m,R,8.1,628K,"https://m.media-amazon.com/images/M/MV5BMmY1M2M5ZmMtYzllZC00YzAxLTk4MjktZDJkNjA1MTUwMGQ4XkEyXkFqcGc@._V1_QL75_UX140_CR0,1,140,207_.jpg"
167. Inside Out,2015,1h 35m,PG,8.1,846K,"https://m.media-amazon.com/images/M/MV5BOTgxMDQwMDk0OF5BMl5BanBnXkFtZTgwNjU5OTg2NDE@._V1_QL75_UX140_CR0,0,140,207_.jpg"
168. V for Vendetta,2005,2h 12m,R,8.1,1.2M,"https://m.media-amazon.com/images/M/MV5BOTI5ODc3NzExNV5BMl5BanBnXkFtZTcwNzYxNzQzMw@@._V1_QL75_UX140_CR0,0,140,207_.jpg"
169. Klaus,2019,1h 36m,PG,8.2,204K,"https://m.media-amazon.com/images/M/MV5BZDA4ODhlMzctNGRmYi00NmViLTkxZGYtZjRkNGQ5YzYwYWVlXkEyXkFqcGc@._V1_QL75_UX140_CR0,0,140,207_.jpg"
"170. Three Billboards Outside Ebbing, Missouri",2017,1h 55m,R,8.1,571K,"https://m.media-amazon.com/images/M/MV5BMjI0ODcxNzM1N15BMl5BanBnXkFtZTgwMzIwMTEwNDI@._V1_QL75_UX140_CR0,0,140,207_.jpg"
171. Raging Bull,1980,2h 9m,R,8.1,390K,"https://m.media-amazon.com/images/M/MV5BMjlkYmYyZWQtNTZkOS00ZjA0LWEwNWUtNzE2ZGNiYjg0MjA2XkEyXkFqcGc@._V1_QL75_UY207_CR1,0,140,207_.jpg"
172. Trainspotting,1996,1h 33m,R,8.1,741K,"https://m.media-amazon.com/images/M/MV5BYmVkNGJkMzQtYWQwOS00OTZmLThjODQtZjNjNzllYzRiNTE0XkEyXkFqcGc@._V1_QL75_UX140_CR0,0,140,207_.jpg"
173. The Bridge on the River Kwai,1957,2h 41m,PG,8.1,239K,"https://m.media-amazon.com/images/M/MV5BNzdkYmU2YmItNmZiYy00OWQyLTg0YWYtZmUxM2U3YTRiNTQ1XkEyXkFqcGc@._V1_QL75_UX140_CR0,5,140,207_.jpg"
174. Catch Me If You Can,2002,2h 21m,PG-13,8.1,1.1M,"https://m.media-amazon.com/images/M/MV5BMTY5MzYzNjc5NV5BMl5BanBnXkFtZTYwNTUyNTc2._V1_QL75_UX140_CR0,0,140,207_.jpg"
175. Fargo,1996,1h 38m,R,8.1,743K,"https://m.media-amazon.com/images/M/MV5BNjg4MWE0MjEtODFhNy00MjA5LTg5ODktMzgwNWFmZTAwNjBlXkEyXkFqcGc@._V1_QL75_UY207_CR0,0,140,207_.jpg"
176. Warrior,2011,2h 20m,PG-13,8.1,508K,"https://m.media-amazon.com/images/M/MV5BMTk4ODk5MTMyNV5BMl5BanBnXkFtZTcwMDMyNTg0Ng@@._V1_QL75_UX140_CR0,4,140,207_.jpg"
177. Demon Slayer: Kimetsu no Yaiba - Tsuzumi Mansion Arc,2021,1h 27m,,8.7,28K,"https://m.media-amazon.com/images/M/MV5BZjQzYWUzMWYtMWNmMi00ZDYxLTgzYmItN2NjYTY2YWEyMzNlXkEyXkFqcGc@._V1_QL75_UX140_CR0,1,140,207_.jpg"
178. Harry Potter and the Deathly Hallows: Part 2,2011,2h 10m,PG-13,8.1,977K,"https://m.media-amazon.com/images/M/MV5BOTA1Mzc2N2ItZWRiNS00MjQzLTlmZDQtMjU0NmY1YWRkMGQ4XkEyXkFqcGc@._V1_QL75_UX140_CR0,1,140,207_.jpg"
179. Spider-Man: No Way Home,2021,2h 28m,PG-13,8.2,923K,"https://m.media-amazon.com/images/M/MV5BMmFiZGZjMmEtMTA0Ni00MzA2LTljMTYtZGI2MGJmZWYzZTQ2XkEyXkFqcGc@._V1_QL75_UX140_CR0,1,140,207_.jpg"
180. Gran Torino,2008,1h 56m,R,8.1,829K,"https://m.media-amazon.com/images/M/MV5BMTc5NTk2OTU1Nl5BMl5BanBnXkFtZTcwMDc3NjAwMg@@._V1_QL75_UY207_CR0,0,140,207_.jpg"
181. Million Dollar Baby,2004,2h 12m,PG-13,8.1,736K,"https://m.media-amazon.com/images/M/MV5BMTkxNzA1NDQxOV5BMl5BanBnXkFtZTcwNTkyMTIzMw@@._V1_QL75_UY207_CR0,0,140,207_.jpg"
182. My Neighbor Totoro,1988,1h 26m,G,8.1,397K,"https://m.media-amazon.com/images/M/MV5BYWM3MDE3YjEtMzIzZC00ODE5LTgxNTItNmUyMTBkM2M2NmNiXkEyXkFqcGc@._V1_QL75_UX140_CR0,0,140,207_.jpg"
183. Mad Max: Fury Road,2015,2h,R,8.1,1.1M,"https://m.media-amazon.com/images/M/MV5BZDRkODJhOTgtOTc1OC00NTgzLTk4NjItNDgxZDY4YjlmNDY2XkEyXkFqcGc@._V1_QL75_UX140_CR0,0,140,207_.jpg"
184. Ben-Hur,1959,3h 32m,G,8.1,259K,"https://m.media-amazon.com/images/M/MV5BNjg2M2E1YzYtOThmMC00NjAyLWI5MzgtMDEwOGFiODdlOGUzXkEyXkFqcGc@._V1_QL75_UX140_CR0,2,140,207_.jpg"
185. Children of Heaven,1997,1h 29m,PG,8.2,84K,"https://m.media-amazon.com/images/M/MV5BZWZlMjNhNzgtZGRhOS00Y2U5LThjOTctODNjZTI0ZTBiYzBhXkEyXkFqcGc@._V1_QL75_UX140_CR0,4,140,207_.jpg"
186. 12 Years a Slave,2013,2h 14m,R,8.1,755K,"https://m.media-amazon.com/images/M/MV5BMjExMTEzODkyN15BMl5BanBnXkFtZTcwNTU4NTc4OQ@@._V1_QL75_UX140_CR0,0,140,207_.jpg"
187. Barry Lyndon,1975,3h 5m,PG,8.1,189K,"https://m.media-amazon.com/images/M/MV5BNmM2MGQ5Y2UtYzA3ZC00ZDJlLTkwNDYtMjBmZGExZDJiN2RlXkEyXkFqcGc@._V1_QL75_UX140_CR0,3,140,207_.jpg"
188. Blade Runner,1982,1h 57m,R,8.1,842K,"https://m.media-amazon.com/images/M/MV5BOWQ4YTBmNTQtMDYxMC00NGFjLTkwOGQtNzdhNmY1Nzc1MzUxXkEyXkFqcGc@._V1_QL75_UX140_CR0,0,140,207_.jpg"
189. Before Sunrise,1995,1h 41m,R,8.1,351K,"https://m.media-amazon.com/images/M/MV5BZDZhZmI1ZTUtYWI3NC00NTMwLTk3NWMtNDc0OGNjM2I0ZjlmXkEyXkFqcGc@._V1_QL75_UX140_CR0,0,140,207_.jpg"
190. The Grand Budapest Hotel,2014,1h 39m,R,8.1,910K,"https://m.media-amazon.com/images/M/MV5BMzM5NjUxOTEyMl5BMl5BanBnXkFtZTgwNjEyMDM0MDE@._V1_QL75_UX140_CR0,0,140,207_.jpg"
191. Hacksaw Ridge,2016,2h 19m,R,8.1,620K,"https://m.media-amazon.com/images/M/MV5BMjQ1NjM3MTUxNV5BMl5BanBnXkFtZTgwMDc5MTY5OTE@._V1_QL75_UX140_CR0,4,140,207_.jpg"
192. Dead Poets Society,1989,2h 8m,PG,8.1,574K,"https://m.media-amazon.com/images/M/MV5BMDYwNGVlY2ItMWYxMS00YjZiLWE5MTAtYWM5NWQ2ZWJjY2Q3XkEyXkFqcGc@._V1_QL75_UY207_CR0,0,140,207_.jpg"
193. Gone Girl,2014,2h 29m,R,8.1,1.1M,"https://m.media-amazon.com/images/M/MV5BMTk0MDQ3MzAzOV5BMl5BanBnXkFtZTgwNzU1NzE3MjE@._V1_QL75_UY207_CR0,0,140,207_.jpg"
194. Memories of Murder,2003,2h 12m,Not Rated,8.1,230K,"https://m.media-amazon.com/images/M/MV5BYmRjOWE5NmMtYTdkYS00ODFlLWJiMTMtYzE2NDZlZjlkZDQ0XkEyXkFqcGc@._V1_QL75_UX140_CR0,0,140,207_.jpg"
195. In the Name of the Father,1993,2h 13m,R,8.1,193K,"https://m.media-amazon.com/images/M/MV5BMGZiZDVjNzYtZWM4ZC00MzVkLThhNDEtMDJlOTBhYzVjMmNhXkEyXkFqcGc@._V1_QL75_UX140_CR0,1,140,207_.jpg"
196. The Gold Rush,1925,1h 35m,Approved,8.1,122K,"https://m.media-amazon.com/images/M/MV5BNGU1NjYzYTAtZmY0YS00NWIzLTkzNzUtYzc2ZTIyOTIxZjVhXkEyXkFqcGc@._V1_QL75_UX140_CR0,0,140,207_.jpg"
"197. Monsters, Inc.",2001,1h 32m,G,8.1,1M,"https://m.media-amazon.com/images/M/MV5BMTY1NTI0ODUyOF5BMl5BanBnXkFtZTgwNTEyNjQ0MDE@._V1_QL75_UX140_CR0,0,140,207_.jpg"
198. Maharaja,2024,2h 21m,,8.5,58K,"https://m.media-amazon.com/images/M/MV5BOTFlMTIxOGItZTk0Zi00MTk2LWJiM2UtMzlhZWYzNjQ4N2Y3XkEyXkFqcGc@._V1_QL75_UY207_CR8,0,140,207_.jpg"
199. Wild Tales,2014,2h 2m,R,8.1,224K,"https://m.media-amazon.com/images/M/MV5BNzAzMjA1ODAxOV5BMl5BanBnXkFtZTgwODg4NTQzNDE@._V1_QL75_UX140_CR0,0,140,207_.jpg"
200. Ratatouille,2007,1h 51m,G,8.1,862K,"https://m.media-amazon.com/images/M/MV5BMTMzODU0NTkxMF5BMl5BanBnXkFtZTcwMjQ4MzMzMw@@._V1_QL75_UX140_CR0,0,140,207_.jpg"
201. How to Train Your Dragon,2010,1h 38m,PG,8.1,826K,"https://m.media-amazon.com/images/M/MV5BMjA5NDQyMjc2NF5BMl5BanBnXkFtZTcwMjg5ODcyMw@@._V1_QL75_UX140_CR0,0,140,207_.jpg"
202. Jaws,1975,2h 4m,PG,8.1,682K,"https://m.media-amazon.com/images/M/MV5BYjViNDQzNmUtYzkxZi00NTk5LTljMmItYjJlZmZkODIxNjU1XkEyXkFqcGc@._V1_QL75_UX140_CR0,4,140,207_.jpg"
203. The Deer Hunter,1978,3h 3m,R,8.1,370K,"https://m.media-amazon.com/images/M/MV5BZGI4YmVhMzMtMWExMS00MGZiLTg2MmItM2I2MWZjODAyM2U5XkEyXkFqcGc@._V1_QL75_UY207_CR0,0,140,207_.jpg"
204. The General,1926,1h 18m,Passed,8.1,101K,"https://m.media-amazon.com/images/M/MV5BMTVhM2Y1MDUtMDkxYi00Y2UxLWI2MTMtZjMzYTY4ODM4MGIzXkEyXkFqcGc@._V1_QL75_UX140_CR0,0,140,207_.jpg"
205. Sherlock Jr.,1924,45m,Passed,8.2,60K,"https://m.media-amazon.com/images/M/MV5BMjQzM2E2NjYtYmRjMC00ZmVlLTljZTgtNmQ5MGZlNDYyZTc5XkEyXkFqcGc@._V1_QL75_UX140_CR0,7,140,207_.jpg"
206. Mary and Max,2009,1h 32m,Not Rated,8.1,193K,"https://m.media-amazon.com/images/M/MV5BNzY2Mjc4NjMtNGY4Mi00NzM5LTk3ZTQtN2VkNzVkMzRmM2Y2XkEyXkFqcGc@._V1_QL75_UY207_CR3,0,140,207_.jpg"
207. On the Waterfront,1954,1h 48m,Approved,8.1,170K,"https://m.media-amazon.com/images/M/MV5BZDJlYTM1ZGYtZTM4YS00MzFhLThiZjktYzQ0ZjAzMGYwZTU3XkEyXkFqcGc@._V1_QL75_UX140_CR0,2,140,207_.jpg"
208. The Wages of Fear,1953,2h 36m,Not Rated,8.1,69K,"https://m.media-amazon.com/images/M/MV5BMDdhOGMwODQtZGM2MS00NGQxLWEyZDMtOTkzMjFjYjI3ZmM2XkEyXkFqcGc@._V1_QL75_UY207_CR1,0,140,207_.jpg"
209. Ford v Ferrari,2019,2h 32m,PG-13,8.1,506K,"https://m.media-amazon.com/images/M/MV5BOTBjNTEyNjYtYjdkNi00YzE5LTljYzUtZjVlYmYwZmJmZWYxXkEyXkFqcGc@._V1_QL75_UX140_CR0,0,140,207_.jpg"
210. Mr. Smith Goes to Washington,1939,2h 9m,Approved,8.1,124K,"https://m.media-amazon.com/images/M/MV5BMDU4ZjNmMjEtMjcxYi00NDAxLWFlMjQtNWIyNjg5NWUzNTdjXkEyXkFqcGc@._V1_QL75_UX140_CR0,2,140,207_.jpg"
211. Wild Strawberries,1957,1h 32m,Not Rated,8.1,118K,"https://m.media-amazon.com/images/M/MV5BZWQ5MDllM2EtZWRmNS00MmZiLWI4ZWQtMjRiY2Q5MTAxODY4XkEyXkFqcGc@._V1_QL75_UX140_CR0,3,140,207_.jpg"
212. The Third Man,1949,1h 33m,Approved,8.1,187K,"https://m.media-amazon.com/images/M/MV5BNTAwZjAwZDUtNDc1Yi00OGY3LTgzMjktYjIyMjQzOWE3MmVhXkEyXkFqcGc@._V1_QL75_UX140_CR0,5,140,207_.jpg"
213. Logan,2017,2h 17m,R,8.1,872K,"https://m.media-amazon.com/images/M/MV5BM2JjODdkMGMtNmY2YS00OGM2LThiY2YtZGYyNzE4Nzc2ODA0XkEyXkFqcGc@._V1_QL75_UX140_CR0,1,140,207_.jpg"
214. Rocky,1976,2h,PG,8.1,648K,"https://m.media-amazon.com/images/M/MV5BZDEyY2M2MGMtYjg5OC00ZWFjLWFkZDQtNmQzZTdiYmYzZTBkXkEyXkFqcGc@._V1_QL75_UX140_CR0,3,140,207_.jpg"
215. Tokyo Story,1953,2h 17m,Not Rated,8.1,72K,"https://m.media-amazon.com/images/M/MV5BODdkNzcxZjItMDU2Yy00Y2JlLWFkYTQtNzIwM2Q4MWU5MTU2XkEyXkFqcGc@._V1_QL75_UY207_CR2,0,140,207_.jpg"
216. The Big Lebowski,1998,1h 57m,R,8.1,879K,"https://m.media-amazon.com/images/M/MV5BY2E3OWQ5OWYtYTRkMC00NjVjLWIzZDQtNmRmM2ZiYTIyYmYxXkEyXkFqcGc@._V1_QL75_UY207_CR0,0,140,207_.jpg"
217. The Seventh Seal,1957,1h 36m,Not Rated,8.1,204K,"https://m.media-amazon.com/images/M/MV5BZDlmYTkzOWUtODQ0MS00MmM4LWE3ZjMtYTEwNGUwMmJkYzIxXkEyXkFqcGc@._V1_QL75_UY207_CR1,0,140,207_.jpg"
218. Spotlight,2015,2h 9m,R,8.1,512K,"https://m.media-amazon.com/images/M/MV5BMjIyOTM5OTIzNV5BMl5BanBnXkFtZTgwMDkzODE2NjE@._V1_QL75_UY207_CR0,0,140,207_.jpg"
219. Room,2015,1h 58m,R,8.1,462K,"https://m.media-amazon.com/images/M/MV5BMjE4NzgzNzEwMl5BMl5BanBnXkFtZTgwMTMzMDE0NjE@._V1_QL75_UX140_CR0,0,140,207_.jpg"
220. The Terminator,1984,1h 47m,R,8.1,950K,"https://m.media-amazon.com/images/M/MV5BZmE0YzIxM2QtMGNlMi00MjRmLWE3MWMtOWQzMGVjMmU0YTFmXkEyXkFqcGc@._V1_QL75_UX140_CR0,1,140,207_.jpg"
221. Hotel Rwanda,2004,2h 1m,PG-13,8.1,379K,"https://m.media-amazon.com/images/M/MV5BY2FmMWRmZmQtN2IzMS00OGVmLWFmNjktMTM0YWQzODcwYTEwXkEyXkFqcGc@._V1_QL75_UY207_CR0,0,140,207_.jpg"
222. Platoon,1986,2h,R,8.1,449K,"https://m.media-amazon.com/images/M/MV5BZjE4YjllODAtZGMxZS00Mjg2LThkOWUtZjNkMjQ5YThiNDU4XkEyXkFqcGc@._V1_QL75_UX140_CR0,6,140,207_.jpg"
223. Pirates of the Caribbean: The Curse of the Black Pearl,2003,2h 23m,PG-13,8.1,1.2M,"https://m.media-amazon.com/images/M/MV5BNDhlMzEyNzItMTA5Mi00YWRhLThlNTktYTQyMTA0MDIyNDEyXkEyXkFqcGc@._V1_QL75_UX140_CR0,1,140,207_.jpg"
224. La haine,1995,1h 38m,Not Rated,8.1,206K,"https://m.media-amazon.com/images/M/MV5BMThlMDA3NDYtZGM2Zi00NmJhLThlYWItZjViZTkzZWU1ZWRiXkEyXkFqcGc@._V1_QL75_UX140_CR0,0,140,207_.jpg"
225. Before Sunset,2004,1h 20m,R,8.1,297K,"https://m.media-amazon.com/images/M/MV5BMTQ1MjAwNTM5Ml5BMl5BanBnXkFtZTYwNDM0MTc3._V1_QL75_UY207_CR0,0,140,207_.jpg"
226. The Best Years of Our Lives,1946,2h 50m,Approved,8.1,73K,"https://m.media-amazon.com/images/M/MV5BNTgxMzUyODQtMDJmZC00ZGMyLWI3MzAtZTYwYjBjZjFmMzIxXkEyXkFqcGc@._V1_QL75_UX140_CR0,1,140,207_.jpg"
227. Jai Bhim,2021,2h 44m,Approved,8.7,223K,"https://m.media-amazon.com/images/M/MV5BZjEyNDIzNmEtMjdkYS00ZDAwLTljOWYtNDRhYTVhYTlmOTk1XkEyXkFqcGc@._V1_QL75_UY207_CR13,0,140,207_.jpg"
228. The Passion of Joan of Arc,1928,1h 54m,Passed,8.1,63K,"https://m.media-amazon.com/images/M/MV5BNTE1MDliZjgtYTU2Yy00YjAxLTljYTItNDE2ZGYwYTY1MGQ1XkEyXkFqcGc@._V1_QL75_UX140_CR0,6,140,207_.jpg"
229. The Exorcist,1973,2h 2m,R,8.1,470K,"https://m.media-amazon.com/images/M/MV5BZjg3YjE4ZjAtYTdmYS00ZTBkLWE1ZjgtNzAzODUwNzRiYjlmXkEyXkFqcGc@._V1_QL75_UX140_CR0,3,140,207_.jpg"
230. The Wizard of Oz,1939,1h 42m,G,8.1,442K,"https://m.media-amazon.com/images/M/MV5BYWRmY2I0MGItYTQ0OC00NWZmLWIwMDktYjJlNDc0MzVhMmViXkEyXkFqcGc@._V1_QL75_UX140_CR0,3,140,207_.jpg"
231. The Incredibles,2004,1h 55m,PG,8,837K,"https://m.media-amazon.com/images/M/MV5BMTY5OTU0OTc2NV5BMl5BanBnXkFtZTcwMzU4MDcyMQ@@._V1_QL75_UX140_CR0,0,140,207_.jpg"
232. Rush,2013,2h 3m,R,8.1,526K,"https://m.media-amazon.com/images/M/MV5BMTZhOGQxM2ItNGQyYy00YzE5LWI5MjMtNmMzNGQzNDE1OTUzXkEyXkFqcGc@._V1_QL75_UX140_CR0,0,140,207_.jpg"
233. Network,1976,2h 1m,R,8.1,175K,"https://m.media-amazon.com/images/M/MV5BY2E4ZGJiNTMtZTAxZC00MmVlLWI1NjYtMGVhMjhkOGEwZDhjXkEyXkFqcGc@._V1_QL75_UX140_CR0,3,140,207_.jpg"
234. Stand by Me,1986,1h 29m,R,8.1,455K,"https://m.media-amazon.com/images/M/MV5BNGJkNTUwM2MtZWE2MS00YjNkLWE3MjktNWQwZDQxMDIyZWVmXkEyXkFqcGc@._V1_QL75_UX140_CR0,6,140,207_.jpg"
235. Hachi: A Dog's Tale,2009,1h 33m,G,8.1,321K,"https://m.media-amazon.com/images/M/MV5BNTU5NjYyYTgtZGQ3My00MzRhLThjNGYtZmVjN2JjYjhkMjhhXkEyXkFqcGc@._V1_QL75_UX140_CR0,0,140,207_.jpg"
236. The Sound of Music,1965,2h 52m,G,8.1,270K,"https://m.media-amazon.com/images/M/MV5BYWJhYmU4MjQtZDJhYi00ZGVjLTlkNTEtNzkzNGVjOWQ3MjcwXkEyXkFqcGc@._V1_QL75_UX140_CR0,1,140,207_.jpg"
237. My Father and My Son,2005,1h 52m,Not Rated,8.2,96K,"https://m.media-amazon.com/images/M/MV5BZDE3MTBkNmQtNGFjMC00YTcwLWExY2ItN2MyMGZkNWJlMmFmXkEyXkFqcGc@._V1_QL75_UX140_CR0,1,140,207_.jpg"
238. A Man Escaped,1956,1h 41m,Not Rated,8.2,27K,"https://m.media-amazon.com/images/M/MV5BZDE3MjdlZDEtYmJiZi00YmE1LWJkOTMtYTMzZGYwOWU4MjYzXkEyXkFqcGc@._V1_QL75_UY207_CR3,0,140,207_.jpg"
239. The Handmaiden,2016,2h 25m,Not Rated,8.1,182K,"https://m.media-amazon.com/images/M/MV5BOTllZDI1OGItOGUxNS00OGZhLWIzMjAtYzllZTY1YTA0ZmYwXkEyXkFqcGc@._V1_QL75_UY207_CR2,0,140,207_.jpg"
240. To Be or Not to Be,1942,1h 39m,Approved,8.1,45K,"https://m.media-amazon.com/images/M/MV5BN2YwNDE4MjQtZjJlOS00ZjIwLWE3YjgtNmZkYWM3N2JmMWM3XkEyXkFqcGc@._V1_QL75_UX140_CR0,1,140,207_.jpg"
241. The Iron Giant,1999,1h 26m,PG,8.1,238K,"https://m.media-amazon.com/images/M/MV5BODM4ZjZjMGEtYmFiMy00MThjLWIzZjUtMDU0ODg1NTI2MzIwXkEyXkFqcGc@._V1_QL75_UX140_CR0,0,140,207_.jpg"
242. Into the Wild,2007,2h 28m,R,8.1,671K,"https://m.media-amazon.com/images/M/MV5BNTgwZTJhNWMtNzVjMy00YzQzLWI4MTAtYmJhOGQ5ZmQ3MDM0XkEyXkFqcGc@._V1_QL75_UY207_CR0,0,140,207_.jpg"
243. The Battle of Algiers,1966,2h 1m,Not Rated,8.1,69K,"https://m.media-amazon.com/images/M/MV5BMTY2Mjk0OGEtYTM3Yy00ZWZiLWFhNjAtNGExMjEzNGVmMDMxXkEyXkFqcGc@._V1_QL75_UX140_CR0,3,140,207_.jpg"
244. The Grapes of Wrath,1940,2h 9m,Approved,8.1,103K,"https://m.media-amazon.com/images/M/MV5BZDgzZjk3OGYtNWI2Ny00MDg3LTgwYWEtNjI1ODAxNjA3ZmFlXkEyXkFqcGc@._V1_QL75_UX140_CR0,0,140,207_.jpg"
245. Groundhog Day,1993,1h 41m,PG,8,703K,"https://m.media-amazon.com/images/M/MV5BOWE3MjQ3ZDAtNDQ2MC00YjBjLTk0ZWYtNjQ0YzQ4YWE3YTEyXkEyXkFqcGc@._V1_QL75_UX140_CR0,0,140,207_.jpg"
246. Amores Perros,2000,2h 34m,R,8,258K,"https://m.media-amazon.com/images/M/MV5BMmUzNDI1MDYtNmIxNC00NjczLTk0ZDEtYWFkZDcxMWVhYTEwXkEyXkFqcGc@._V1_QL75_UX140_CR0,1,140,207_.jpg"
247. The Help,2011,2h 26m,PG-13,8.1,505K,"https://m.media-amazon.com/images/M/MV5BMTM5OTMyMjIxOV5BMl5BanBnXkFtZTcwNzU4MjIwNQ@@._V1_QL75_UX140_CR0,0,140,207_.jpg"
248. Rebecca,1940,2h 10m,Approved,8.1,151K,"https://m.media-amazon.com/images/M/MV5BYTI0MjUyODAtZTBkNC00MmIwLWFlNmYtMWE3ZmJlOWJjM2QyXkEyXkFqcGc@._V1_QL75_UX140_CR0,0,140,207_.jpg"
249. A Silent Voice: The Movie,2016,2h 10m,Not Rated,8.1,112K,"https://m.media-amazon.com/images/M/MV5BOTFiNzRiOWEtYTQwNy00NmRiLWE0ZWYtNTE0YjExZjFmZjkwXkEyXkFqcGc@._V1_QL75_UY207_CR2,0,140,207_.jpg"
250. Cool Hand Luke,1967,2h 7m,Approved,8,193K,"https://m.media-amazon.com/images/M/MV5BYzI1NzBkNmMtOWRmMS00YmY2LTk5MjQtZjAzMmIwZDQ2M2UwXkEyXkFqcGc@._V1_QL75_UX140_CR0,4,140,207_.jpg"
